"","Ozone","Solar.R","Wind","Temp","Month","Day"
"Ozone",0,0.00197241942881554,1.2981615782337e-11,0,0.561787014869315,1
"Solar.R",0.000179310857165049,0,1,0.00751772924010297,1,0.561787014869315
"Wind",9.27258270166931e-13,0.495955206815127,0,3.43407631220316e-08,0.247105980658337,1
"Temp",0,0.000751772924010297,2.6415971632332e-09,0,7.23144291114863e-07,0.645698579067462
"Month",0.0776000963996033,0.366353350873138,0.0274562200731485,6.02620242595719e-08,0,1
"Day",0.887942543669527,0.0702233768586644,0.738746589753025,0.107616429844577,0.92218998575754,0
