"","Ozone","Solar.R","Wind","Temp","Month","Day"
"Ozone",1,0.348341692993603,-0.60154652988895,0.698360342150932,0.164519314380413,-0.013225646554047
"Solar.R",0.348341692993603,1,-0.0567916657698467,0.275840271340805,-0.0753007638859408,-0.150274979240985
"Wind",-0.60154652988895,-0.0567916657698467,1,-0.457987879104833,-0.17829257921769,0.027180902809146
"Temp",0.698360342150932,0.275840271340805,-0.457987879104833,1,0.420947252266222,-0.130593175159278
"Month",0.164519314380413,-0.0753007638859408,-0.17829257921769,0.420947252266222,1,-0.00796176260045312
"Day",-0.013225646554047,-0.150274979240985,0.027180902809146,-0.130593175159278,-0.00796176260045312,1
